{
    "type": "crafting_shapeless",
    "ingredients": [
        {
            "item": "minecraft:cobblestone"
        },
        {
            "item": "minecraft:cobblestone"
        },
        {
            "item": "minecraft:cobblestone"
        },
        {
            "item": "minecraft:cobblestone"
        },
        {
            "item": "minecraft:chorus_fruit"
        },
        {
            "item": "minecraft:cobblestone"
        },
        {
            "item": "minecraft:cobblestone"
        },
        {
            "item": "minecraft:cobblestone"
        },
        {
            "item": "minecraft:cobblestone"
        }
    ],
    "result": {
        "item": "minecraft:end_stone",
        "count": 8
    }
}