{
    "type": "minecraft:crafting_shapeless",
    "ingredients": [
        {
            "item": "minecraft:cobblestone"
        },
        {
            "item": "minecraft:cobblestone"
        },
        {
            "item": "minecraft:cobblestone"
        },
        {
            "item": "minecraft:cobblestone"
        },
        {
            "item": "minecraft:fire_charge"
        },
        {
            "item": "minecraft:cobblestone"
        },
        {
            "item": "minecraft:cobblestone"
        },
        {
            "item": "minecraft:cobblestone"
        },
        {
            "item": "minecraft:cobblestone"
        }
    ],
    "result": {
        "item": "minecraft:netherrack",
        "count": 1
    }
}