{
    "type": "crafting_shapeless",
    "ingredients": [
        {
            "item": "minecraft:glass_bottle"
        },
        {
            "item": "minecraft:glass_bottle"
        },
        {
            "item": "minecraft:glass_bottle"
        },
        {
            "item": "minecraft:glass_bottle"
        },
        {
            "item": "minecraft:chorus_fruit"
        },
        {
            "item": "minecraft:glass_bottle"
        },
        {
            "item": "minecraft:glass_bottle"
        },
        {
            "item": "minecraft:glass_bottle"
        },
        {
            "item": "minecraft:glass_bottle"
        }
    ],
    "result": {
        "item": "minecraft:dragon_breath",
        "count": 8
    }
}
