{
    "type": "minecraft:crafting_shapeless",
    "ingredients": [
        {
            "item": "minecraft:dirt"
        },
        {
            "item": "minecraft:dirt"
        },
        {
            "item": "minecraft:dirt"
        },
        {
            "item": "minecraft:dirt"
        },
        {
            "item": "minecraft:water_bucket"
        },
        {
            "item": "minecraft:dirt"
        },
        {
            "item": "minecraft:dirt"
        },
        {
            "item": "minecraft:dirt"
        },
        {
            "item": "minecraft:dirt"
        }
    ],
    "result": {
        "item": "minecraft:farmland",
        "count": 8
    }
}