{
    "type": "minecraft:crafting_shapeless",
    "ingredients": [
        {
            "item": "minecraft:sand"
        },
        {
            "item": "minecraft:sand"
        },
        {
            "item": "minecraft:sand"
        },
        {
            "item": "minecraft:sand"
        },
        {
            "item": "minecraft:pufferfish"
        },
        {
            "item": "minecraft:sand"
        },
        {
            "item": "minecraft:sand"
        },
        {
            "item": "minecraft:sand"
        },
        {
            "item": "minecraft:sand"
        }
    ],
    "result": {
        "item": "minecraft:sponge",
        "count": 1
    }
}